{
  "问题": "问题2 - 单弹最优投放策略优化",
  "优化时间": "2025-09-06T12:19:23.948307",
  "最优解": {
    "有效遮蔽时长_s": 4.3,
    "航向角_度": 18.0,
    "航向角_弧度": 0.3142,
    "速度_m_per_s": 70.0,
    "投放时间_s": 0.0,
    "起爆延迟_s": 0.5,
    "起爆时间_s": 0.5,
    "起爆位置": [
      17833.28697807033,
      10.815594803123158,
      1798.775
    ],
    "起爆高度_m": 1798.775
  },
  "物理约束验证": {
    "时间约束": "t_b + 20 = 20.50s < t_max = 67.00s",
    "高度约束": "z_b = 1798.775m > 0",
    "参数范围": "所有参数均在约束范围内"
  },
  "优化统计": {
    "total_points": 268960,
    "valid_points": 228800,
    "validity_rate": 0.8506841165972635,
    "theta_range_deg": [
      0.0,
      360.0
    ],
    "v_range": [
      70,
      140
    ],
    "t_d_range": [
      0,
      40
    ],
    "tau_range": [
      0,
      20
    ],
    "grid_sizes": [
      20,
      8,
      41,
      41
    ]
  },
  "改进效果": {
    "问题1遮蔽时长_s": 1.38,
    "问题2遮蔽时长_s": 4.3,
    "绝对改进_s": 2.92,
    "相对改进_percent": 211.6
  }
}